{
  "project_info": {
    "project_number": "687880900157",
    "firebase_url": "https://toolbaractionbar.firebaseio.com",
    "project_id": "toolbaractionbar",
    "storage_bucket": "toolbaractionbar.appspot.com"
  },
  "client": [
    {
      "client_info": {
        "mobilesdk_app_id": "1:687880900157:android:6a50545875f11baa0f2454",
        "android_client_info": {
          "package_name": "es.uca.toolbaractionbar"
        }
      },
      "oauth_client": [
        {
          "client_id": "687880900157-8ag5rvn1oqvggospqcv6g6l9o6ceac4v.apps.googleusercontent.com",
          "client_type": 3
        }
      ],
      "api_key": [
        {
          "current_key": "AIzaSyBHrp2xjYbF0fi4ZOK6R3gQVF4sqrRxS_g"
        }
      ],
      "services": {
        "appinvite_service": {
          "other_platform_oauth_client": [
            {
              "client_id": "687880900157-8ag5rvn1oqvggospqcv6g6l9o6ceac4v.apps.googleusercontent.com",
              "client_type": 3
            }
          ]
        }
      }
    }
  ],
  "configuration_version": "1"
}